               epoch,      train/box_loss,      train/obj_loss,      train/cls_loss,   metrics/precision,      metrics/recall,     metrics/mAP_0.5,metrics/mAP_0.5:0.95,        val/box_loss,        val/obj_loss,        val/cls_loss,               x/lr0,               x/lr1,               x/lr2
                   0,             0.11722,            0.043111,            0.029994,          0.00097107,             0.26111,            0.001029,          0.00029972,             0.10312,            0.027098,            0.025285,              0.0901,              0.0011,              0.0011
                   1,            0.099162,            0.054333,            0.021154,           0.0029419,             0.81111,            0.020889,           0.0058821,            0.085613,             0.02594,            0.015889,            0.078845,           0.0018446,           0.0018446
                   2,            0.084121,            0.055905,             0.01418,             0.57588,             0.25556,             0.15729,            0.058894,            0.077393,             0.02313,            0.008312,            0.067114,            0.002114,            0.002114
                   3,            0.071167,            0.049765,           0.0087194,             0.12774,             0.86389,             0.26527,             0.14158,             0.06633,            0.028779,           0.0043441,            0.054908,           0.0019082,           0.0019082
                   4,            0.065272,            0.046615,           0.0071821,             0.15367,             0.86389,             0.29514,              0.1657,            0.058512,              0.0327,           0.0033716,            0.042227,           0.0012272,           0.0012272
